exp_name,model_name,cv_score,best_iteration,train_time_sec,num_samples,num_features,timestamp
20260413-201824_lasso_CVScore0.1380_exp_20260413-2018_,lasso,0.137989050716898,,0.0,1460,79,2026-04-13 20:18:24
20260413-202246_lasso_CVScore0.1380_exp_20260413-2022_,lasso,0.137989050716898,,0.0,1460,79,2026-04-13 20:22:46
20260413-202246_elasticnet_CVScore0.1390_exp_20260413-2022_,elasticnet,0.1389568320083215,,0.0,1460,79,2026-04-13 20:22:46
20260413-202329_lasso_CVScore0.1380_exp_20260413-2023_,lasso,0.137989050716898,,0.0,1460,79,2026-04-13 20:23:29
20260413-202329_elasticnet_CVScore0.1390_exp_20260413-2023_,elasticnet,0.1389568320083215,,0.0,1460,79,2026-04-13 20:23:29
20260413-215803_lasso_CVScore0.1380_exp_20260413-2158_,lasso,0.137989050716898,,0.0,1460,79,2026-04-13 21:58:03
20260413-215803_elasticnet_CVScore0.1390_exp_20260413-2158_,elasticnet,0.1389568320083215,,0.0,1460,79,2026-04-13 21:58:03
20260413-215806_lasso_CVScore0.1380_exp_20260413-2158_,lasso,0.137989050716898,,0.0,1460,79,2026-04-13 21:58:06
20260413-215806_elasticnet_CVScore0.1390_exp_20260413-2158_,elasticnet,0.1389568320083215,,0.0,1460,79,2026-04-13 21:58:06
20260413-221304_lasso_CVScore0.1380_exp_20260413-2213_,lasso,0.137989050716898,,0.0,1460,79,2026-04-13 22:13:04
20260413-221304_elasticnet_CVScore0.1390_exp_20260413-2213_,elasticnet,0.1389568320083215,,0.0,1460,79,2026-04-13 22:13:04
20260413-232929_lasso_CVScore0.0030_exp_20260413-2329_,lasso,0.0030182319117795,,0.0,1460,79,2026-04-13 23:29:29
20260413-232930_elasticnet_CVScore0.0030_exp_20260413-2329_,elasticnet,0.0030473352977282,,0.0,1460,79,2026-04-13 23:29:30
20260413-233120_lasso_CVScore0.1405_exp_20260413-2331_,lasso,0.1405052998175455,,0.0,1460,79,2026-04-13 23:31:20
20260413-233120_elasticnet_CVScore0.1399_exp_20260413-2331_,elasticnet,0.1399343925659608,,0.0,1460,79,2026-04-13 23:31:20
20260415-170612_lasso_CVScore0.1294_exp_20260415-1706_,lasso,0.1293707358446224,,0.0,1460,221,2026-04-15 17:06:12
20260415-170612_elasticnet_CVScore0.1321_exp_20260415-1706_,elasticnet,0.1321472598195834,,0.0,1460,221,2026-04-15 17:06:12
20260415-170612_ransac_CVScore0.1443_exp_20260415-1706_,ransac,0.144312318510724,,0.0,1460,221,2026-04-15 17:06:12
20260415-170612_ridge_CVScore0.1334_exp_20260415-1706_,ridge,0.1334244232362951,,0.0,1460,221,2026-04-15 17:06:12
20260415-170612_svm_CVScore0.1284_exp_20260415-1706_,svm,0.1283957326053622,,0.0,1460,221,2026-04-15 17:06:12
20260415-170612_random_forest_CVScore0.1404_exp_20260415-1706_max_depth20,random_forest,0.1404443686042708,,0.0,1460,221,2026-04-15 17:06:12
20260415-170612_gradient_boosting_CVScore0.1235_exp_20260415-1706_learning_rate0.04468613630355471_max_depth3,gradient_boosting,0.1235466609347152,,0.0,1460,221,2026-04-15 17:06:13
20260415-170613_lightgbm_CVScore0.1292_exp_20260415-1706_learning_rate0.10969661043058893,lightgbm,0.1291890683404728,,0.0,1460,221,2026-04-15 17:06:13
20260415-170613_bayesian_ridge_CVScore0.1341_exp_20260415-1706_,bayesian_ridge,0.1341432885080281,,0.0,1460,221,2026-04-15 17:06:13
20260415-170613_sgd_CVScore0.1580_exp_20260415-1706_learning_rateadaptive,sgd,0.1579561338131088,,0.0,1460,221,2026-04-15 17:06:13
20260415-170613_xgboost_CVScore0.1294_exp_20260415-1706_max_depth5_learning_rate0.06333268775321842,xgboost,0.1294296164750061,,0.0,1460,221,2026-04-15 17:06:13
20260415-170613_extratrees_CVScore0.1391_exp_20260415-1706_max_depth30,extratrees,0.1391342348731894,,0.0,1460,221,2026-04-15 17:06:13
20260415-170613_adaboost_CVScore0.1736_exp_20260415-1706_learning_rate0.025081156860452335,adaboost,0.173615497438846,,0.0,1460,221,2026-04-15 17:06:13
20260415-170613_knn_CVScore0.1652_exp_20260415-1706_,knn,0.165190121173056,,0.0,1460,221,2026-04-15 17:06:13
20260415-170613_kernel_ridge_CVScore0.1429_exp_20260415-1706_,kernel_ridge,0.1429365364376228,,0.0,1460,221,2026-04-15 17:06:13
20260415-170613_mlp_CVScore0.2040_exp_20260415-1706_learning_rateadaptive,mlp,0.2039634864288255,,0.0,1460,221,2026-04-15 17:06:13
20260416-114634_lasso_CVScore0.1090_exp_20260416-1146_,lasso,0.1090016753281818,,0.0,1458,390,2026-04-16 11:46:34
20260416-114634_elasticnet_CVScore0.1110_exp_20260416-1146_,elasticnet,0.1109851557527382,,0.0,1458,390,2026-04-16 11:46:34
20260416-114634_ransac_CVScore0.1392_exp_20260416-1146_,ransac,0.1391770646426844,,0.0,1458,390,2026-04-16 11:46:34
20260416-114634_ridge_CVScore0.1097_exp_20260416-1146_,ridge,0.1096906527117375,,0.0,1458,390,2026-04-16 11:46:34
20260416-114634_svm_CVScore0.1117_exp_20260416-1146_,svm,0.1116659171448256,,0.0,1458,390,2026-04-16 11:46:34
20260416-114634_random_forest_CVScore0.1321_exp_20260416-1146_max_depth30,random_forest,0.1320792839694067,,0.0,1458,390,2026-04-16 11:46:34
20260416-114634_gradient_boosting_CVScore0.1137_exp_20260416-1146_learning_rate0.04468613630355471_max_depth3,gradient_boosting,0.1137162575543286,,0.0,1458,390,2026-04-16 11:46:34
20260416-114634_lightgbm_CVScore0.1213_exp_20260416-1146_learning_rate0.05618990727743405,lightgbm,0.1212919121663826,,0.0,1458,390,2026-04-16 11:46:34
20260416-114634_bayesian_ridge_CVScore0.1100_exp_20260416-1146_,bayesian_ridge,0.1100264160313239,,0.0,1458,390,2026-04-16 11:46:34
20260416-114634_sgd_CVScore0.1280_exp_20260416-1146_learning_rateadaptive,sgd,0.1279829825090815,,0.0,1458,390,2026-04-16 11:46:34
20260416-114634_xgboost_CVScore0.1149_exp_20260416-1146_max_depth3_learning_rate0.02584823581818339,xgboost,0.1148739352868551,,0.0,1458,390,2026-04-16 11:46:34
20260416-114634_extratrees_CVScore0.1331_exp_20260416-1146_max_depth20,extratrees,0.1330865855168774,,0.0,1458,390,2026-04-16 11:46:35
20260416-114635_adaboost_CVScore0.1572_exp_20260416-1146_learning_rate0.07010478624133054,adaboost,0.1571664622274866,,0.0,1458,390,2026-04-16 11:46:35
20260416-114635_knn_CVScore0.1563_exp_20260416-1146_,knn,0.1563090119042309,,0.0,1458,390,2026-04-16 11:46:36
20260416-114636_kernel_ridge_CVScore0.1086_exp_20260416-1146_,kernel_ridge,0.1086371464923851,,0.0,1458,390,2026-04-16 11:46:36
20260416-114636_mlp_CVScore0.1959_exp_20260416-1146_learning_rateadaptive,mlp,0.1958567967707015,,0.0,1458,390,2026-04-16 11:46:36
20260416-122313_lasso_CVScore0.1099_exp_20260416-1223_,lasso,0.1099330427789388,,0.0,1458,670,2026-04-16 12:23:13
20260416-122313_elasticnet_CVScore0.1114_exp_20260416-1223_,elasticnet,0.1114089586157078,,0.0,1458,670,2026-04-16 12:23:13
20260416-122313_ransac_CVScore0.1906_exp_20260416-1223_,ransac,0.1905764221212972,,0.0,1458,670,2026-04-16 12:23:13
20260416-122313_ridge_CVScore0.1103_exp_20260416-1223_,ridge,0.1102892005539867,,0.0,1458,670,2026-04-16 12:23:13
20260416-122313_svm_CVScore0.1126_exp_20260416-1223_,svm,0.1126240098362605,,0.0,1458,670,2026-04-16 12:23:13
20260416-122313_random_forest_CVScore0.1336_exp_20260416-1223_max_depth20,random_forest,0.133586861281774,,0.0,1458,670,2026-04-16 12:23:14
20260416-122314_gradient_boosting_CVScore0.1151_exp_20260416-1223_learning_rate0.05207305626240269_max_depth3,gradient_boosting,0.115148385305317,,0.0,1458,670,2026-04-16 12:23:14
20260416-122314_lightgbm_CVScore0.1210_exp_20260416-1223_learning_rate0.08126094581013223,lightgbm,0.1210349740042082,,0.0,1458,670,2026-04-16 12:23:14
20260416-122314_bayesian_ridge_CVScore0.1110_exp_20260416-1223_,bayesian_ridge,0.1109746748943015,,0.0,1458,670,2026-04-16 12:23:14
20260416-122314_sgd_CVScore0.1181_exp_20260416-1223_learning_rateoptimal,sgd,0.1180665364252657,,0.0,1458,670,2026-04-16 12:23:14
20260416-122314_xgboost_CVScore0.1184_exp_20260416-1223_max_depth9_learning_rate0.0335729817675125,xgboost,0.1184333614021223,,0.0,1458,670,2026-04-16 12:23:14
20260416-122314_extratrees_CVScore0.1346_exp_20260416-1223_max_depth14,extratrees,0.1345512498941912,,0.0,1458,670,2026-04-16 12:23:15
20260416-122315_adaboost_CVScore0.1592_exp_20260416-1223_learning_rate0.09780337016659407,adaboost,0.1592365272385648,,0.0,1458,670,2026-04-16 12:23:15
20260416-122315_knn_CVScore0.1569_exp_20260416-1223_,knn,0.1568520714762913,,0.0,1458,670,2026-04-16 12:23:16
20260416-122316_kernel_ridge_CVScore0.1094_exp_20260416-1223_,kernel_ridge,0.1093592011502356,,0.0,1458,670,2026-04-16 12:23:17
20260416-122317_mlp_CVScore0.1907_exp_20260416-1223_learning_rateadaptive,mlp,0.1907440314568088,,0.0,1458,670,2026-04-16 12:23:17
20260421-210717_lgbm_CVScore0.7976_exp_20260421-2107_max_depth6_learning_rate0.03927975767245621,lgbm,0.7975803082960264,0.0,1896.2411904335024,300000,116,2026-04-21 21:07:17
20260421-210757_lgbm_CVScore0.7976_exp_20260421-2107_max_depth6_learning_rate0.03927975767245621,lgbm,0.7975803082960264,0.0,1896.2411904335024,300000,116,2026-04-21 21:07:57
20260421-224523_xgb_CVScore0.7921_exp_20260421-2245_learning_rate0.011745739208656958_max_depth3,xgb,0.792131017677611,,462.1302704811096,30000,116,2026-04-21 22:45:23
20260421-231556_xgboost_genetic_CVScore0.7879_exp_20260421-2315_learning_rate0.032659700484495666_max_depth3,xgboost_genetic,0.7879023926520302,,0.8062713146209717,15000,116,2026-04-21 23:15:56
20260422-014342_adaboost_CVScore0.7883_exp_20260422-0143_learning_rate0.3577789555578892_max_depth1,adaboost,0.7883311113090958,,3061.86230969429,15000,116,2026-04-22 01:43:42
20260422-130454_histgb_CVScore0.7857_exp_20260422-1304_max_depth3_learning_rate0.0030582523213789677,histgb,0.7857412989371462,,4068.698227643967,15000,116,2026-04-22 13:04:54
20260422-191003_bagging_CVScore0.7725_exp_20260422-1910_max_depth13,bagging,0.7724821068574554,,3738.094349145889,15000,116,2026-04-22 19:10:04
20260422-233623_catboost_CVScore0.7901_exp_20260422-2336_learning_rate0.04780411084196217,catboost,0.7901215978411336,,432.3381967544556,15000,116,2026-04-22 23:36:23
20260422-234556_catboost_CVScore0.7901_exp_20260422-2345_learning_rate0.04780411084196217,catboost,0.7901215978411336,,438.9771327972412,15000,116,2026-04-22 23:45:56
20260422-234947_catboost_CVScore0.7901_exp_20260422-2349_learning_rate0.04780411084196217,catboost,0.7901215978411336,,438.9771327972412,15000,116,2026-04-22 23:49:47
20260423-002438_catboost_CVScore0.7901_exp_20260423-0024_learning_rate0.04780411084196217,catboost,0.7901215978411336,,439.7769401073456,15000,116,2026-04-23 00:24:38
20260423-101151_catboost_CVScore0.7901_exp_20260423-1011_learning_rate0.04780411084196217,catboost,0.7901215978411336,,482.31114196777344,15000,116,2026-04-23 10:11:51
20260423-104213_catboost_CVScore0.7901_exp_20260423-1042_learning_rate0.03915857791695998,catboost,0.7900861573779299,,543.7649641036987,15000,105,2026-04-23 10:42:13
20260423-110638_catboost_CVScore0.7903_exp_20260423-1106_learning_rate0.04800344751801986,catboost,0.7903492918271151,,977.8800721168518,15000,106,2026-04-23 11:06:38
20260423-113112_catboost_CVScore0.7900_exp_20260423-1131_learning_rate0.04672405919136995,catboost,0.7899774286325785,,1170.1840596199036,15000,107,2026-04-23 11:31:12
20260423-115345_tabpfn_CVScore0.7937_exp_20260423-1153_,tabpfn,0.793703251244875,,2.1219253540039062e-05,15000,116,2026-04-23 11:53:46
20260423-120035_catboost_CVScore0.7900_exp_20260423-1200_learning_rate0.04672405919136995,catboost,0.7899774286325785,,1086.6481456756592,15000,107,2026-04-23 12:00:35
20260502-170445_catboost_CVScore0.7704_exp_20260502-1704_learning_rate0.047871639821920706,catboost,0.7704322031281821,,3681.011808872223,80024,131,2026-05-02 17:04:45
20260505-172920_catboost_CVScore0.7704_exp_20260505-1729_learning_rate0.047871639821920706,catboost,0.7704322031281821,,3602.682517290116,80024,131,2026-05-05 17:29:20
20260505-203430_catboost_CVScore0.7705_exp_20260505-2034_learning_rate0.04695607338782248,catboost,0.7705207865522876,,9452.54819893837,80024,131,2026-05-05 20:34:30
20260507-213203_catboost_CVScore0.7684_exp_20260507-2132_learning_rate0.033387997526695495,catboost,0.768431052059962,,6599.350461244583,80024,132,2026-05-07 21:32:03
20260508-011835_catboost_CVScore0.7689_exp_20260508-0118_learning_rate0.04876242114320045,catboost,0.7689438535017079,,6108.740464925766,80024,147,2026-05-08 01:18:35
20260508-113226_lgbm_CVScore0.7505_exp_20260508-1132_max_depth9_learning_rate0.012502233538421116,lgbm,0.7504970411742957,0.0,201.18033909797668,80024,168,2026-05-08 11:32:26
20260508-113336_lgbm_CVScore0.7505_exp_20260508-1133_max_depth9_learning_rate0.012502233538421116,lgbm,0.7504970411742957,0.0,201.18033909797668,80024,168,2026-05-08 11:33:36
20260508-121014_lgbm_CVScore0.7508_exp_20260508-1210_max_depth7_learning_rate0.017986951286334388,lgbm,0.7507775083888246,0.0,189.31953811645508,80024,155,2026-05-08 12:10:14
20260508-143425_catboost_CVScore0.7705_exp_20260508-1434_learning_rate0.04530259413850618,catboost,0.7705186200094714,,8423.747119426727,80024,131,2026-05-08 14:34:25
20260508-154114_lgbm_CVScore0.7519_exp_20260508-1541_max_depth7_learning_rate0.04962060331129539,lgbm,0.7519257803767816,0.0,245.42412853240967,80024,171,2026-05-08 15:41:14
20260508-201604_histgb_CVScore0.7538_exp_20260508-2016_max_depth8_learning_rate0.018441873181296975,histgb,0.7537702827537677,,9517.469489574432,80024,171,2026-05-08 20:16:04
20260508-222937_extratrees_CVScore0.7561_exp_20260508-2229_max_depth15,extratrees,0.7560784291592129,,3037.090817451477,80024,171,2026-05-08 22:29:39
20260508-223806_extratrees_CVScore0.7561_exp_20260508-2238_max_depth15,extratrees,0.7560784291592129,,3037.090817451477,80024,171,2026-05-08 22:38:07
20260508-223839_extratrees_CVScore0.7561_exp_20260508-2238_max_depth15,extratrees,0.7560784291592129,,3037.090817451477,80024,171,2026-05-08 22:38:39
20260508-233655_bagging_CVScore0.7508_exp_20260508-2336_max_depth15,bagging,0.7507855246831509,,3144.432373046875,80024,171,2026-05-08 23:36:56
20260509-104356_xgb_CVScore0.7519_exp_20260509-1043_learning_rate0.011926324174062874_max_depth12,xgb,0.7518573444263762,,2403.8898146152496,80024,171,2026-05-09 10:43:56
20260509-230828_lightgbm_CVScore0.7567_exp_20260509-2308_learning_rate0.01960548772346694,lightgbm,0.7566926481272148,,0.0,80024,147,2026-05-09 23:08:28
20260509-230832_ridge_CVScore0.5114_exp_20260509-2308_,ridge,0.5114389588535806,,0.0,80024,147,2026-05-09 23:08:32
20260509-230837_svm_CVScore0.6726_exp_20260509-2308_,svm,0.6726179733321951,,0.0,80024,147,2026-05-09 23:08:40
20260509-230858_lda_CVScore0.7256_exp_20260509-2308_,lda,0.7255730418841774,,0.0,80024,147,2026-05-09 23:08:58
20260509-230900_sgd_CVScore0.7334_exp_20260509-2309_learning_rateadaptive,sgd,0.7334077837186187,,0.0,80024,147,2026-05-09 23:09:00
20260509-230903_knn_CVScore0.6757_exp_20260509-2309_,knn,0.6757250343478444,,0.0,80024,147,2026-05-09 23:09:04
20260509-230923_logistic_saga_CVScore0.7334_exp_20260509-2309_,logistic_saga,0.7334162108524684,,0.0,80024,147,2026-05-09 23:09:23
20260509-230927_logistic_lbfgs_CVScore0.7331_exp_20260509-2309_,logistic_lbfgs,0.733061548989094,,0.0,80024,147,2026-05-09 23:09:27
20260509-230930_GaussianNB_CVScore0.6575_exp_20260509-2309_,GaussianNB,0.6575111310599578,,0.0,80024,147,2026-05-09 23:09:30
20260509-230936_mlp_CVScore0.7188_exp_20260509-2309_learning_rateconstant,mlp,0.7188168379904329,,0.0,80024,147,2026-05-09 23:09:36
20260512-013609_lgbm_CVScore0.7497_exp_20260512-0136_max_depth6_learning_rate0.03927975767245621,lgbm,0.7496951617559594,0.0,145.93871235847473,80024,171,2026-05-12 01:36:09
20260512-014544_lgbm_CVScore0.7514_exp_20260512-0145_max_depth8_learning_rate0.03180952975047461,lgbm,0.7513579039047029,0.0,264.6547720432281,80024,171,2026-05-12 01:45:44
20260515-102845_lgbm_CVScore0.7524_exp_20260515-1028_max_depth8_learning_rate0.04369215244798812,lgbm,0.7523502032796167,0.0,201.09860920906067,80024,171,2026-05-15 10:28:45
20260518-173239_catboost_CVScore0.7713_exp_20260518-1732_learning_rate0.049656469295849624,catboost,0.7712777604620438,,6570.9359674453735,80024,170,2026-05-18 17:32:40
20260518-232312_lgbm_CVScore0.7577_exp_20260518-2323_max_depth9_learning_rate0.03161584381141844,lgbm,0.757709171848544,0.0,322.6775870323181,80024,267,2026-05-18 23:23:12
20260518-233928_lgbm_CVScore0.7577_exp_20260518-2339_max_depth9_learning_rate0.03161584381141844,lgbm,0.757709171848544,0.0,286.57564544677734,80024,267,2026-05-18 23:39:28
20260518-235108_lgbm_CVScore0.7573_exp_20260518-2351_max_depth8_learning_rate0.04878338511058235,lgbm,0.7573175426037071,0.0,220.84624123573303,80024,267,2026-05-18 23:51:08
20260519-000025_lgbm_CVScore0.7585_exp_20260519-0000_max_depth9_learning_rate0.04827179008084961,lgbm,0.7584650066481595,0.0,224.79087948799133,80024,267,2026-05-19 00:00:25
20260519-010214_lgbm_CVScore0.7587_exp_20260519-0102_max_depth8_learning_rate0.00842996863384038,lgbm,0.7586656936295068,0.0,899.223313331604,80024,267,2026-05-19 01:02:14
20260519-010813_lgbm_CVScore0.7581_exp_20260519-0108_max_depth12_learning_rate0.056654169392861393,lgbm,0.7581071070043814,0.0,246.6307373046875,80024,267,2026-05-19 01:08:13
20260519-011750_lgbm_CVScore0.7572_exp_20260519-0117_max_depth8_learning_rate0.04712832132861072,lgbm,0.7572216825337149,0.0,289.53583908081055,80024,267,2026-05-19 01:17:50
20260519-103426_xgb_CVScore0.7595_exp_20260519-1034_learning_rate0.015355286838886862_max_depth12,xgb,0.7595162120199761,,431.43327617645264,80024,267,2026-05-19 10:34:26
20260519-104333_xgb_pauc_CVScore0.6207_exp_20260519-1043_learning_rate0.04429975427076118_max_depth6,xgb_pauc,0.6207167034138426,,469.9373025894165,80024,267,2026-05-19 10:43:33
20260519-133938_xgb_pauc_CVScore0.6220_exp_20260519-1339_learning_rate0.008307783145761518_max_depth8,xgb_pauc,0.6219552720576844,,10145.423161506653,80024,267,2026-05-19 13:39:38
20260519-134745_lgbm_pauc_CVScore0.6213_exp_20260519-1347_max_depth7_learning_rate0.08454008783646158,lgbm_pauc,0.6213073189550071,0.0,280.5744044780731,80024,267,2026-05-19 13:47:45
20260519-135457_xgb_pauc_CVScore0.6220_exp_20260519-1354_learning_rate0.008307783145761518_max_depth8,xgb_pauc,0.6219552720576844,,1.4066696166992188e-05,80024,267,2026-05-19 13:54:57
20260519-194506_catboost_pauc_CVScore0.6303_exp_20260519-1945_learning_rate0.00625118897540056,catboost_pauc,0.6303106883436949,,5449.89044880867,80024,170,2026-05-19 19:45:07
20260520-213424_lgbm_hyperopt_pauc_CVScore0.6226_exp_20260520-2134_learning_rate0.005153637968987661_max_depth7,lgbm_hyperopt_pauc,0.6225775031726279,0.0,19.491560459136963,80024,267,2026-05-20 21:34:24
20260521-100023_lgbm_genetic_pauc_CVScore0.6224_exp_20260521-1000_learning_rate0.005514605702506251_max_depth8,lgbm_genetic_pauc,0.6223921276238348,0.0,26.74971890449524,80024,267,2026-05-21 10:00:23
20260521-114943_lgbm_pbt_pauc_CVScore0.6221_exp_20260521-1149_learning_rate0.007520236156114415_max_depth7,lgbm_pbt_pauc,0.6220835180272879,0.0,15.772841930389404,80024,267,2026-05-21 11:49:43
20260521-142854_catboost_pauc_CVScore0.6303_exp_20260521-1428_learning_rate0.00625118897540056,catboost_pauc,0.6303106883436949,,4829.145652770996,80024,170,2026-05-21 14:28:55
20260521-170842_lgbm_cmaes_pauc_CVScore0.6225_exp_20260521-1708_learning_rate0.013811069802888794_max_depth7,lgbm_cmaes_pauc,0.6224921399930862,0.0,7.364996671676636,80024,267,2026-05-21 17:08:42
20260522-085937_lgbm_pauc_CVScore0.6213_exp_20260522-0859_max_depth7_learning_rate0.08454008783646158,lgbm_pauc,0.6213073189550071,0.0,250.9937999248505,80024,267,2026-05-22 08:59:37
20260522-090330_lgbm_ensemble_CVScore0.6213_exp_20260522-0903_max_depth7_learning_rate0.08454008783646158,lgbm_ensemble,0.6213073189550071,,250.9937999248505,80024,267,2026-05-22 09:03:30
20260522-110818_lgbm_moo_pauc_CVScore0.6173_exp_20260522-1108_max_depth3_learning_rate0.006432732351014514,lgbm_moo_pauc,0.6173019592071375,0.0,9.127103090286257,80024,267,2026-05-22 11:08:18
20260522-111510_lgbm_pauc_CVScore0.6213_exp_20260522-1115_max_depth7_learning_rate0.08454008783646158,lgbm_pauc,0.6213073189550071,0.0,224.06077480316162,80024,267,2026-05-22 11:15:10
